Datetime,Water Level (m)
2025-05-21 12:00:00,0.13612382
2025-05-21 13:00:00,0.33280239
2025-05-21 14:00:00,0.49073923
2025-05-21 15:00:00,0.58523226
2025-05-21 16:00:00,0.5844052
2025-05-21 17:00:00,0.4548111
2025-05-21 18:00:00,0.3085519
2025-05-21 19:00:00,0.19767645
2025-05-21 20:00:00,0.1027914
2025-05-21 21:00:00,0.012555611
2025-05-21 22:00:00,-0.07050533
2025-05-21 23:00:00,-0.1319997
2025-05-22 00:00:00,-0.08560134
2025-05-22 01:00:00,0.14594603
2025-05-22 02:00:00,0.33948323
2025-05-22 03:00:00,0.4802648
2025-05-22 04:00:00,0.55054414
2025-05-22 05:00:00,0.51098144
2025-05-22 06:00:00,0.37348884
2025-05-22 07:00:00,0.23189487
2025-05-22 08:00:00,0.12583584
2025-05-22 09:00:00,0.040611036
2025-05-22 10:00:00,-0.031792987
2025-05-22 11:00:00,-0.08548052
2025-05-22 12:00:00,-0.0492017
2025-05-22 13:00:00,0.17538333
2025-05-22 14:00:00,0.38820392
2025-05-22 15:00:00,0.5610277
2025-05-22 16:00:00,0.65764475
2025-05-22 17:00:00,0.66199356
2025-05-22 18:00:00,0.53253263
2025-05-22 19:00:00,0.35686737
2025-05-22 20:00:00,0.2236191
2025-05-22 21:00:00,0.11722547
2025-05-22 22:00:00,0.021093415
2025-05-22 23:00:00,-0.06999116
2025-05-23 00:00:00,-0.15110414
2025-05-23 01:00:00,-0.10561362
2025-05-23 02:00:00,0.16837326
2025-05-23 03:00:00,0.39707524
2025-05-23 04:00:00,0.57501394
2025-05-23 05:00:00,0.6698709
2025-05-23 06:00:00,0.6578795
2025-05-23 07:00:00,0.5116647
2025-05-23 08:00:00,0.34404394
2025-05-23 09:00:00,0.22210167
2025-05-23 10:00:00,0.12524973
2025-05-23 11:00:00,0.039165117
2025-05-23 12:00:00,-0.031819917
2025-05-23 13:00:00,-0.03245462
2025-05-23 14:00:00,0.2121608
2025-05-23 15:00:00,0.46369097
2025-05-23 16:00:00,0.65640736
2025-05-23 17:00:00,0.76400924
2025-05-23 18:00:00,0.758932
2025-05-23 19:00:00,0.6048038
2025-05-23 20:00:00,0.41996372
2025-05-23 21:00:00,0.2823872
2025-05-23 22:00:00,0.17266409
2025-05-23 23:00:00,0.07121614
2025-05-24 00:00:00,-0.025183326
2025-05-24 01:00:00,-0.105679065
2025-05-24 02:00:00,-0.06053276
2025-05-24 03:00:00,0.24192463
2025-05-24 04:00:00,0.501237
2025-05-24 05:00:00,0.70108765
2025-05-24 06:00:00,0.80542374
2025-05-24 07:00:00,0.7853303
2025-05-24 08:00:00,0.6142197
2025-05-24 09:00:00,0.43368137
2025-05-24 10:00:00,0.30319366
2025-05-24 11:00:00,0.20148695
2025-05-24 12:00:00,0.10797151
2025-05-24 13:00:00,0.026022414
2025-05-24 14:00:00,-0.0017810878
2025-05-24 15:00:00,0.25012335
2025-05-24 16:00:00,0.5311708
2025-05-24 17:00:00,0.7302451
2025-05-24 18:00:00,0.83739567
2025-05-24 19:00:00,0.81177175
2025-05-24 20:00:00,0.62967706
2025-05-24 21:00:00,0.4418539
2025-05-24 22:00:00,0.30409127
2025-05-24 23:00:00,0.1926831
2025-05-25 00:00:00,0.08703996
2025-05-25 01:00:00,-0.013930659
2025-05-25 02:00:00,-0.09471103
2025-05-25 03:00:00,0.008587626
2025-05-25 04:00:00,0.34608337
2025-05-25 05:00:00,0.61496747
2025-05-25 06:00:00,0.8142852
2025-05-25 07:00:00,0.91600037
2025-05-25 08:00:00,0.875297
2025-05-25 09:00:00,0.67984897
2025-05-25 10:00:00,0.4951881
2025-05-25 11:00:00,0.36257383
2025-05-25 12:00:00,0.25598517
2025-05-25 13:00:00,0.15423058
2025-05-25 14:00:00,0.06189885
2025-05-25 15:00:00,0.016571818
2025-05-25 16:00:00,0.28649336
2025-05-25 17:00:00,0.58848006
2025-05-25 18:00:00,0.7900202
2025-05-25 19:00:00,0.885231
2025-05-25 20:00:00,0.8266573
2025-05-25 21:00:00,0.6223085
2025-05-25 22:00:00,0.444302
2025-05-25 23:00:00,0.31291813
2025-05-26 00:00:00,0.20107351
2025-05-26 01:00:00,0.09413604
2025-05-26 02:00:00,-0.0071118353
2025-05-26 03:00:00,-0.084479444
2025-05-26 04:00:00,0.06903209
2025-05-26 05:00:00,0.44240063
2025-05-26 06:00:00,0.7330731
2025-05-26 07:00:00,0.9448392
2025-05-26 08:00:00,1.0426158
2025-05-26 09:00:00,0.9592408
2025-05-26 10:00:00,0.73011297
2025-05-26 11:00:00,0.5488417
2025-05-26 12:00:00,0.41886184
2025-05-26 13:00:00,0.31007227
2025-05-26 14:00:00,0.20458709
2025-05-26 15:00:00,0.10949555
2025-05-26 16:00:00,0.07393844
2025-05-26 17:00:00,0.37951362
2025-05-26 18:00:00,0.6779726
2025-05-26 19:00:00,0.87700015
2025-05-26 20:00:00,0.95545316
2025-05-26 21:00:00,0.8618451
2025-05-26 22:00:00,0.64276683
2025-05-26 23:00:00,0.4711234
2025-05-27 00:00:00,0.34156492
2025-05-27 01:00:00,0.22892341
2025-05-27 02:00:00,0.12048777
2025-05-27 03:00:00,0.019468704
2025-05-27 04:00:00,-0.038041826
2025-05-27 05:00:00,0.23859632
2025-05-27 06:00:00,0.5971654
2025-05-27 07:00:00,0.8758901
2025-05-27 08:00:00,1.0698601
2025-05-27 09:00:00,1.131083
2025-05-27 10:00:00,0.99286354
2025-05-27 11:00:00,0.75493807
2025-05-27 12:00:00,0.5841501
